{
  "timelineObjects" : [ {
    "placeVisit" : {
      "location" : {
        "latitudeE7" : 356667890,
        "longitudeE7" : -1059122260,
        "placeId" : "ChIJjfjEFQZRGIcRDS59VdUD6bs",
        "address" : "1160 Camino De Cruz Blanca\nSanta Fe, NM 87505\nUSA",
        "name" : "St. John's College",
        "sourceInfo" : {
          "deviceTag" : -893712383
        },
        "locationConfidence" : 99.508415
      },
      "duration" : {
        "startTimestampMs" : "1533998006180",
        "endTimestampMs" : "1533998988999"
      },
      "placeConfidence" : "HIGH_CONFIDENCE",
      "childVisits" : [ {
        "location" : {
          "latitudeE7" : 356684845,
          "longitudeE7" : -1059120558,
          "placeId" : "ChIJRWsnxw5RGIcR8rTci_BmGjs",
          "address" : "Santa Fe, NM 87505\nUSA",
          "name" : "Atalaya - Lower Trailhead",
          "sourceInfo" : {
            "deviceTag" : -893712383
          },
          "locationConfidence" : 98.03841
        },
        "duration" : {
          "startTimestampMs" : "1533998006180",
          "endTimestampMs" : "1533998988999"
        },
        "placeConfidence" : "HIGH_CONFIDENCE",
        "centerLatE7" : 356682800,
        "centerLngE7" : -1059119150,
        "visitConfidence" : 80,
        "otherCandidateLocations" : [ {
          "latitudeE7" : 356685567,
          "longitudeE7" : -1059120390,
          "placeId" : "ChIJrZnGOgZRGIcRNyTxcU7bZu0",
          "locationConfidence" : 0.83392537
        }, {
          "latitudeE7" : 356666515,
          "longitudeE7" : -1059129174,
          "placeId" : "ChIJZcWmCQZRGIcRUQqT3drBAn0",
          "name" : "St. John's College Meem Library",
          "locationConfidence" : 0.24682891
        }, {
          "latitudeE7" : 356667890,
          "longitudeE7" : -1059122260,
          "placeId" : "ChIJbSsDCAZRGIcRm03qC7xWaBE",
          "name" : "St. John's College Bookstore",
          "locationConfidence" : 0.12805392
        }, {
          "latitudeE7" : 356700575,
          "longitudeE7" : -1059124088,
          "placeId" : "ChIJxe2etwdRGIcRD7HXBsa4tgc",
          "name" : "Los Miradores Unit Owners Association",
          "locationConfidence" : 0.08432245
        } ],
        "editConfirmationStatus" : "NOT_CONFIRMED"
      } ],
      "centerLatE7" : 356682800,
      "centerLngE7" : -1059119150,
      "visitConfidence" : 80,
      "otherCandidateLocations" : [ {
        "latitudeE7" : 356677965,
        "longitudeE7" : -1059125650,
        "placeId" : "ChIJZcWmCQZRGIcR82HME-YAT00",
        "locationConfidence" : 0.262198
      }, {
        "latitudeE7" : 356700575,
        "longitudeE7" : -1059124088,
        "placeId" : "ChIJxe2etwdRGIcRD7HXBsa4tgc",
        "name" : "Los Miradores Unit Owners Association",
        "locationConfidence" : 0.0855868
      }, {
        "latitudeE7" : 356718877,
        "longitudeE7" : -1059119727,
        "placeId" : "ChIJdZLoFFlQGIcRiG1_sbXLw4c",
        "name" : "Rio Grande School",
        "locationConfidence" : 0.057308067
      }, {
        "latitudeE7" : 356924542,
        "longitudeE7" : -1062139685,
        "placeId" : "ChIJSfOoH2w_GIcRrC58xa6P1uA",
        "name" : "Santa Fe National Forest",
        "locationConfidence" : 0.0509982
      } ],
      "editConfirmationStatus" : "NOT_CONFIRMED",
      "simplifiedRawPath" : {
        "points" : [ {
          "latE7" : 356684645,
          "lngE7" : -1059124393,
          "timestampMs" : "1533998006180",
          "accuracyMeters" : 10
        }, {
          "latE7" : 356677988,
          "lngE7" : -1059105751,
          "timestampMs" : "1533998983030",
          "accuracyMeters" : 5
        } ]
      }
    }
  }, {
    "activitySegment" : {
      "startLocation" : {
        "latitudeE7" : 356684606,
        "longitudeE7" : -1059124109,
        "sourceInfo" : {
          "deviceTag" : -893712383
        }
      },
      "endLocation" : {
        "latitudeE7" : 356549665,
        "longitudeE7" : -1059072038,
        "sourceInfo" : {
          "deviceTag" : -893712383
        }
      },
      "duration" : {
        "startTimestampMs" : "1533998988999",
        "endTimestampMs" : "1534000538317"
      },
      "distance" : 1943,
      "activityType" : "WALKING",
      "confidence" : "HIGH",
      "activities" : [ {
        "activityType" : "WALKING",
        "probability" : 89.64698690949484
      }, {
        "activityType" : "HIKING",
        "probability" : 3.9185479553320044
      }, {
        "activityType" : "IN_PASSENGER_VEHICLE",
        "probability" : 2.833981632336597
      } ],
      "waypointPath" : {
        "waypoints" : [ {
          "latE7" : 356688232,
          "lngE7" : -1059123458
        }, {
          "latE7" : 356676445,
          "lngE7" : -1059094238
        }, {
          "latE7" : 356577491,
          "lngE7" : -1059016418
        } ]
      },
      "simplifiedRawPath" : {
        "points" : [ {
          "latE7" : 356684606,
          "lngE7" : -1059124109,
          "timestampMs" : "1533998988999",
          "accuracyMeters" : 57
        } ]
      },
      "editConfirmationStatus" : "NOT_CONFIRMED"
    }
  }, {
    "placeVisit" : {
      "location" : {
        "latitudeE7" : 356555849,
        "longitudeE7" : -1059072134,
        "placeId" : "ChIJn1rgwxZRGIcRwPwdUh_306I",
        "address" : "Santa Fe, NM 87505\nUSA",
        "name" : "Moon Mountain",
        "sourceInfo" : {
          "deviceTag" : -893712383
        },
        "locationConfidence" : 89.12841
      },
      "duration" : {
        "startTimestampMs" : "1534000538317",
        "endTimestampMs" : "1534001648003"
      },
      "placeConfidence" : "HIGH_CONFIDENCE",
      "centerLatE7" : 356557267,
      "centerLngE7" : -1059083100,
      "visitConfidence" : 91,
      "otherCandidateLocations" : [ {
        "latitudeE7" : 356924542,
        "longitudeE7" : -1062139685,
        "placeId" : "ChIJSfOoH2w_GIcRrC58xa6P1uA",
        "name" : "Santa Fe National Forest",
        "locationConfidence" : 10.871587
      } ],
      "editConfirmationStatus" : "NOT_CONFIRMED"
    }
  }, {
    "activitySegment" : {
      "startLocation" : {
        "latitudeE7" : 356559751,
        "longitudeE7" : -1059088320,
        "sourceInfo" : {
          "deviceTag" : -893712383
        }
      },
      "endLocation" : {
        "latitudeE7" : 356667890,
        "longitudeE7" : -1059122260,
        "sourceInfo" : {
          "deviceTag" : -893712383
        }
      },
      "duration" : {
        "startTimestampMs" : "1534001648003",
        "endTimestampMs" : "1534004636004"
      },
      "distance" : 1903,
      "activityType" : "WALKING",
      "confidence" : "MEDIUM",
      "activities" : [ {
        "activityType" : "WALKING",
        "probability" : 85.22914841452425
      }, {
        "activityType" : "HIKING",
        "probability" : 11.780801249249308
      }, {
        "activityType" : "IN_PASSENGER_VEHICLE",
        "probability" : 1.08459102701536
      } ],
      "waypointPath" : {
        "waypoints" : [ {
          "latE7" : 356546287,
          "lngE7" : -1059149322
        }, {
          "latE7" : 356678161,
          "lngE7" : -1059218750
        }, {
          "latE7" : 356673049,
          "lngE7" : -1059120178
        } ]
      },
      "editConfirmationStatus" : "NOT_CONFIRMED"
    }
  }, {
    "placeVisit" : {
      "location" : {
        "latitudeE7" : 356667890,
        "longitudeE7" : -1059122260,
        "placeId" : "ChIJjfjEFQZRGIcRDS59VdUD6bs",
        "address" : "1160 Camino De Cruz Blanca\nSanta Fe, NM 87505\nUSA",
        "name" : "St. John's College",
        "sourceInfo" : {
          "deviceTag" : -893712383
        },
        "locationConfidence" : 98.63437
      },
      "duration" : {
        "startTimestampMs" : "1534004636004",
        "endTimestampMs" : "1534005068997"
      },
      "placeConfidence" : "HIGH_CONFIDENCE",
      "childVisits" : [ {
        "location" : {
          "latitudeE7" : 356684845,
          "longitudeE7" : -1059120558,
          "placeId" : "ChIJRWsnxw5RGIcR8rTci_BmGjs",
          "address" : "Santa Fe, NM 87505\nUSA",
          "name" : "Atalaya - Lower Trailhead",
          "sourceInfo" : {
            "deviceTag" : -893712383
          },
          "locationConfidence" : 95.916504
        },
        "duration" : {
          "startTimestampMs" : "1534004636004",
          "endTimestampMs" : "1534005068997"
        },
        "placeConfidence" : "HIGH_CONFIDENCE",
        "centerLatE7" : 356688225,
        "centerLngE7" : -1059130650,
        "visitConfidence" : 92,
        "otherCandidateLocations" : [ {
          "latitudeE7" : 356685567,
          "longitudeE7" : -1059120390,
          "placeId" : "ChIJrZnGOgZRGIcRNyTxcU7bZu0",
          "locationConfidence" : 0.91036934
        }, {
          "latitudeE7" : 356666515,
          "longitudeE7" : -1059129174,
          "placeId" : "ChIJZcWmCQZRGIcRUQqT3drBAn0",
          "name" : "St. John's College Meem Library",
          "locationConfidence" : 0.64566964
        }, {
          "latitudeE7" : 356667890,
          "longitudeE7" : -1059122260,
          "placeId" : "ChIJbSsDCAZRGIcRm03qC7xWaBE",
          "name" : "St. John's College Bookstore",
          "locationConfidence" : 0.32831004
        }, {
          "latitudeE7" : 356700575,
          "longitudeE7" : -1059124088,
          "placeId" : "ChIJxe2etwdRGIcRD7HXBsa4tgc",
          "name" : "Los Miradores Unit Owners Association",
          "locationConfidence" : 0.3135316
        } ],
        "editConfirmationStatus" : "NOT_CONFIRMED"
      } ],
      "centerLatE7" : 356688225,
      "centerLngE7" : -1059130650,
      "visitConfidence" : 92,
      "otherCandidateLocations" : [ {
        "latitudeE7" : 356700575,
        "longitudeE7" : -1059124088,
        "placeId" : "ChIJxe2etwdRGIcRD7HXBsa4tgc",
        "name" : "Los Miradores Unit Owners Association",
        "locationConfidence" : 0.32241577
      }, {
        "latitudeE7" : 356691910,
        "longitudeE7" : -1059129680,
        "placeId" : "ChIJkY00SwZRGIcRA_dGziaTObk",
        "locationConfidence" : 0.29098824
      }, {
        "latitudeE7" : 356718877,
        "longitudeE7" : -1059119727,
        "placeId" : "ChIJdZLoFFlQGIcRiG1_sbXLw4c",
        "name" : "Rio Grande School",
        "locationConfidence" : 0.24229458
      }, {
        "latitudeE7" : 356924542,
        "longitudeE7" : -1062139685,
        "placeId" : "ChIJSfOoH2w_GIcRrC58xa6P1uA",
        "name" : "Santa Fe National Forest",
        "locationConfidence" : 0.1824664
      } ],
      "editConfirmationStatus" : "NOT_CONFIRMED",
      "simplifiedRawPath" : {
        "points" : [ {
          "latE7" : 356684897,
          "lngE7" : -1059132930,
          "timestampMs" : "1534004636004",
          "accuracyMeters" : 10
        }, {
          "latE7" : 356689679,
          "lngE7" : -1059122343,
          "timestampMs" : "1534004920003",
          "accuracyMeters" : 10
        }, {
          "latE7" : 356691742,
          "lngE7" : -1059136913,
          "timestampMs" : "1534005050998",
          "accuracyMeters" : 5
        } ]
      }
    }
  }, {
    "activitySegment" : {
      "startLocation" : {
        "latitudeE7" : 356686805,
        "longitudeE7" : -1059130599,
        "sourceInfo" : {
          "deviceTag" : -893712383
        }
      },
      "endLocation" : {
        "latitudeE7" : 356731742,
        "longitudeE7" : -1059529205,
        "sourceInfo" : {
          "deviceTag" : -893712383
        }
      },
      "duration" : {
        "startTimestampMs" : "1534005068997",
        "endTimestampMs" : "1534005766552"
      },
      "distance" : 3683,
      "activityType" : "IN_PASSENGER_VEHICLE",
      "confidence" : "HIGH",
      "activities" : [ {
        "activityType" : "IN_PASSENGER_VEHICLE",
        "probability" : 98.57253976905352
      }, {
        "activityType" : "WALKING",
        "probability" : 0.720329699132237
      }, {
        "activityType" : "MOTORCYCLING",
        "probability" : 0.3199684194232865
      } ],
      "waypointPath" : {
        "waypoints" : [ {
          "latE7" : 356689071,
          "lngE7" : -1059129714
        }, {
          "latE7" : 356711692,
          "lngE7" : -1059303588
        }, {
          "latE7" : 356731910,
          "lngE7" : -1059529113
        } ]
      },
      "editConfirmationStatus" : "NOT_CONFIRMED",
      "parkingEvent" : {
        "timestampMs" : "1534006197689",
        "location" : {
          "latitudeE7" : 356731742,
          "longitudeE7" : -1059529205,
          "accuracyMetres" : 125
        }
      }
    }
  }, {
    "placeVisit" : {
      "location" : {
        "latitudeE7" : 356730295,
        "longitudeE7" : -1059522693,
        "placeId" : "ChIJQWwMsGZQGIcRh-m-jtYKd7A",
        "address" : "Santa Fe, New Mexico 87505, United States",
        "name" : "Coronado Center",
        "sourceInfo" : {
          "deviceTag" : -893712383
        },
        "locationConfidence" : 99.39427
      },
      "duration" : {
        "startTimestampMs" : "1534005766552",
        "endTimestampMs" : "1534006598997"
      },
      "placeConfidence" : "HIGH_CONFIDENCE",
      "childVisits" : [ {
        "location" : {
          "latitudeE7" : 356729732,
          "longitudeE7" : -1059532776,
          "placeId" : "ChIJ58MNnWZQGIcRqcGIKVzyvqc",
          "address" : "530 W Cordova Rd\nSanta Fe, NM 87505\nUSA",
          "name" : "Trader Joe's",
          "sourceInfo" : {
            "deviceTag" : -893712383
          },
          "locationConfidence" : 95.60416
        },
        "duration" : {
          "startTimestampMs" : "1534005766552",
          "endTimestampMs" : "1534006598997"
        },
        "placeConfidence" : "HIGH_CONFIDENCE",
        "centerLatE7" : 356733150,
        "centerLngE7" : -1059528875,
        "visitConfidence" : 92,
        "otherCandidateLocations" : [ {
          "latitudeE7" : 356728711,
          "longitudeE7" : -1059528259,
          "placeId" : "ChIJI4f4GGRQGIcRce9nvNQqehk",
          "name" : "Party City",
          "locationConfidence" : 1.0480301
        }, {
          "latitudeE7" : 356730848,
          "longitudeE7" : -1059534357,
          "placeId" : "ChIJ58MNnWZQGIcRFUC-EoYsYJ8",
          "name" : "Pharmaca Integrative Pharmacy",
          "locationConfidence" : 0.80642074
        }, {
          "latitudeE7" : 356737524,
          "longitudeE7" : -1059530807,
          "placeId" : "ChIJB7CLL2RQGIcR2L4eJog3pGQ",
          "name" : "Subway",
          "locationConfidence" : 0.68217975
        }, {
          "latitudeE7" : 356726900,
          "longitudeE7" : -1059520220,
          "placeId" : "ChIJ6SXGuGZQGIcRoFdCGe81Siw",
          "name" : "Dollar Tree",
          "locationConfidence" : 0.45419008
        } ],
        "editConfirmationStatus" : "NOT_CONFIRMED"
      } ],
      "centerLatE7" : 356733150,
      "centerLngE7" : -1059528875,
      "visitConfidence" : 92,
      "otherCandidateLocations" : [ {
        "latitudeE7" : 356756813,
        "longitudeE7" : -1059540461,
        "placeId" : "ChIJVzMDvGVQGIcRmDIbUJDM-gw",
        "name" : "Walgreens",
        "locationConfidence" : 0.06807608
      }, {
        "latitudeE7" : 356749732,
        "longitudeE7" : -1059531393,
        "placeId" : "ChIJPxmnz2VQGIcRwfUAQk_SyeU",
        "name" : "Dunkin' Donuts",
        "locationConfidence" : 0.059377287
      }, {
        "latitudeE7" : 356742518,
        "longitudeE7" : -1059526523,
        "placeId" : "ChIJFwS4LmRQGIcRrDosZ5nUxaM",
        "name" : "Maria's New Mexican Kitchen",
        "locationConfidence" : 0.058011778
      }, {
        "latitudeE7" : 356726260,
        "longitudeE7" : -1059536708,
        "placeId" : "ChIJP6YNE2RQGIcRGO9fMaICwxU",
        "name" : "New Mexico Vital Records & Health Statistics",
        "locationConfidence" : 0.052424964
      } ],
      "editConfirmationStatus" : "NOT_CONFIRMED"
    }
  }, {
    "activitySegment" : {
      "startLocation" : {
        "latitudeE7" : 356735114,
        "longitudeE7" : -1059522084,
        "sourceInfo" : {
          "deviceTag" : -893712383
        }
      },
      "endLocation" : {
        "latitudeE7" : 356576550,
        "longitudeE7" : -1060038400,
        "sourceInfo" : {
          "deviceTag" : -893712383
        }
      },
      "duration" : {
        "startTimestampMs" : "1534006598997",
        "endTimestampMs" : "1534007611002"
      },
      "distance" : 6267,
      "activityType" : "IN_PASSENGER_VEHICLE",
      "confidence" : "HIGH",
      "activities" : [ {
        "activityType" : "IN_PASSENGER_VEHICLE",
        "probability" : 97.11217177282305
      }, {
        "activityType" : "WALKING",
        "probability" : 1.5603490311981385
      }, {
        "activityType" : "IN_BUS",
        "probability" : 0.6065818298643775
      } ],
      "waypointPath" : {
        "waypoints" : [ {
          "latE7" : 356735191,
          "lngE7" : -1059522018
        }, {
          "latE7" : 356586647,
          "lngE7" : -1059852371
        }, {
          "latE7" : 356573562,
          "lngE7" : -1060036621
        } ]
      },
      "editConfirmationStatus" : "NOT_CONFIRMED",
      "parkingEvent" : {
        "timestampMs" : "1534007733701",
        "location" : {
          "latitudeE7" : 356575443,
          "longitudeE7" : -1060042682,
          "accuracyMetres" : 125
        }
      }
    }
  }, {
    "placeVisit" : {
      "location" : {
        "latitudeE7" : 356576550,
        "longitudeE7" : -1060038400,
        "placeId" : "ChIJ7xJsOFhaGIcRNeKu2b3GcYc",
        "address" : "3145 La Paz Ln\nSanta Fe, NM 87507\nUSA",
        "name" : "3145 La Paz Ln",
        "sourceInfo" : {
          "deviceTag" : -893712383
        },
        "locationConfidence" : 55.55748
      },
      "duration" : {
        "startTimestampMs" : "1534007611002",
        "endTimestampMs" : "1534008968997"
      },
      "placeConfidence" : "MEDIUM_CONFIDENCE",
      "centerLatE7" : 356575275,
      "centerLngE7" : -1060038175,
      "visitConfidence" : 96,
      "otherCandidateLocations" : [ {
        "latitudeE7" : 356562510,
        "longitudeE7" : -1060030510,
        "placeId" : "ChIJVd_UbllaGIcR_wLKONAZRmY",
        "name" : "Santa Fe West Mobile Home Park",
        "locationConfidence" : 12.996927
      }, {
        "latitudeE7" : 356587020,
        "longitudeE7" : -1060026219,
        "placeId" : "ChIJpe1ZYVhaGIcRBcjof6OXQ28",
        "name" : "Los Amigos de Valles Caldera",
        "locationConfidence" : 6.095242
      }, {
        "latitudeE7" : 356579070,
        "longitudeE7" : -1060038180,
        "placeId" : "ChIJx3JSP1haGIcR2SSRSWRx1Do",
        "locationConfidence" : 4.0076737
      }, {
        "latitudeE7" : 356592854,
        "longitudeE7" : -1060032935,
        "placeId" : "ChIJI2VK0blbGIcRnAsHHUVHGrE",
        "name" : "Nye Bilingual Early Childhood",
        "locationConfidence" : 3.6399086
      }, {
        "latitudeE7" : 356572533,
        "longitudeE7" : -1060058556,
        "placeId" : "ChIJf09khVdaGIcRq5IVJ_79Rxs",
        "name" : "RG-24369 Water Well",
        "locationConfidence" : 3.0828176
      }, {
        "latitudeE7" : 356583643,
        "longitudeE7" : -1060019667,
        "placeId" : "ChIJ5Zeb9FhaGIcRWbJYHM7iImA",
        "name" : "RG-12471 Water Well",
        "locationConfidence" : 1.8659468
      }, {
        "latitudeE7" : 356601030,
        "longitudeE7" : -1060049815,
        "placeId" : "ChIJ9S5m9_daGIcR72-OpPUYE8c",
        "name" : "United Way of Santa Fe County at Agua Fria",
        "locationConfidence" : 1.5109258
      }, {
        "latitudeE7" : 356570006,
        "longitudeE7" : -1060010659,
        "placeId" : "ChIJdWfjHllaGIcRC5rwmdedEsw",
        "name" : "Acequia de los Pinos",
        "locationConfidence" : 1.2520175
      }, {
        "latitudeE7" : 356591977,
        "longitudeE7" : -1060019667,
        "placeId" : "ChIJ5cEOhlhaGIcRiWj3YqOpuyU",
        "name" : "RG-19116 Water Well",
        "locationConfidence" : 1.1913521
      } ],
      "editConfirmationStatus" : "NOT_CONFIRMED"
    }
  }, {
    "activitySegment" : {
      "startLocation" : {
        "latitudeE7" : 356576550,
        "longitudeE7" : -1060038400,
        "sourceInfo" : {
          "deviceTag" : -893712383
        }
      },
      "endLocation" : {
        "latitudeE7" : 356360956,
        "longitudeE7" : -1060146848,
        "sourceInfo" : {
          "deviceTag" : -893712383
        }
      },
      "duration" : {
        "startTimestampMs" : "1534008968997",
        "endTimestampMs" : "1534009333990"
      },
      "distance" : 3014,
      "activityType" : "IN_PASSENGER_VEHICLE",
      "confidence" : "HIGH",
      "activities" : [ {
        "activityType" : "IN_PASSENGER_VEHICLE",
        "probability" : 99.07511827090923
      }, {
        "activityType" : "WALKING",
        "probability" : 0.4984942584403967
      }, {
        "activityType" : "MOTORCYCLING",
        "probability" : 0.2754685329385773
      } ],
      "waypointPath" : {
        "waypoints" : [ {
          "latE7" : 356573562,
          "lngE7" : -1060036621
        }, {
          "latE7" : 356544761,
          "lngE7" : -1060009536
        }, {
          "latE7" : 356516456,
          "lngE7" : -1060094528
        }, {
          "latE7" : 356494865,
          "lngE7" : -1060148468
        }, {
          "latE7" : 356352729,
          "lngE7" : -1060148468
        } ]
      },
      "simplifiedRawPath" : {
        "points" : [ {
          "latE7" : 356574783,
          "lngE7" : -1060034612,
          "timestampMs" : "1534008968997",
          "accuracyMeters" : 98
        }, {
          "latE7" : 356516949,
          "lngE7" : -1060094768,
          "timestampMs" : "1534009059995",
          "accuracyMeters" : 5
        } ]
      },
      "editConfirmationStatus" : "NOT_CONFIRMED",
      "parkingEvent" : {
        "timestampMs" : "1534009568348",
        "location" : {
          "latitudeE7" : 356354493,
          "longitudeE7" : -1060121210,
          "accuracyMetres" : 125
        }
      }
    }
  }, {
    "placeVisit" : {
      "location" : {
        "latitudeE7" : 356360956,
        "longitudeE7" : -1060146848,
        "placeId" : "ChIJp22WfDVaGIcRMAx5vtN2dxE",
        "address" : "4250 Cerrillos Rd\nSanta Fe, NM 87507\nUSA",
        "name" : "Santa Fe Place Mall",
        "sourceInfo" : {
          "deviceTag" : -893712383
        },
        "locationConfidence" : 99.4368
      },
      "duration" : {
        "startTimestampMs" : "1534009333990",
        "endTimestampMs" : "1534011000997"
      },
      "placeConfidence" : "HIGH_CONFIDENCE",
      "childVisits" : [ {
        "location" : {
          "latitudeE7" : 356358098,
          "longitudeE7" : -1060127221,
          "placeId" : "ChIJLbWK6jVaGIcRiqlJawChtFw",
          "address" : "4250 Cerrillos Rd Ste 1250\nSanta Fe, NM 87507\nUSA",
          "name" : "United States Postal Service",
          "sourceInfo" : {
            "deviceTag" : -893712383
          },
          "locationConfidence" : 82.53092
        },
        "duration" : {
          "startTimestampMs" : "1534009333990",
          "endTimestampMs" : "1534011000997"
        },
        "placeConfidence" : "MEDIUM_CONFIDENCE",
        "centerLatE7" : 356357087,
        "centerLngE7" : -1060123063,
        "visitConfidence" : 89,
        "otherCandidateLocations" : [ {
          "latitudeE7" : 356362874,
          "longitudeE7" : -1060121895,
          "placeId" : "ChIJR3qvXTVaGIcRbL7U0Bsm9E4",
          "name" : "JCPenney",
          "locationConfidence" : 7.4161506
        }, {
          "latitudeE7" : 356366064,
          "longitudeE7" : -1060134507,
          "placeId" : "ChIJKc4D00RaGIcRVrmR5L-SsJ8",
          "name" : "Bed Bath & Beyond",
          "locationConfidence" : 3.7111776
        }, {
          "latitudeE7" : 356366740,
          "longitudeE7" : -1060129712,
          "placeId" : "ChIJG-dE1UFQGIcRngaNAgPHIpg",
          "name" : "Cost Plus World Market",
          "locationConfidence" : 1.3402557
        }, {
          "latitudeE7" : 356368558,
          "longitudeE7" : -1060147187,
          "placeId" : "ChIJp22WfDVaGIcRxkO66CZFQEY",
          "name" : "Dillard's",
          "locationConfidence" : 0.8594965
        }, {
          "latitudeE7" : 356358012,
          "longitudeE7" : -1060138045,
          "placeId" : "ChIJp22WfDVaGIcRJDHSEd0gUgY",
          "name" : "Dairy Queen Grill & Chill",
          "locationConfidence" : 0.53497237
        } ],
        "editConfirmationStatus" : "NOT_CONFIRMED"
      } ],
      "centerLatE7" : 356357087,
      "centerLngE7" : -1060123063,
      "visitConfidence" : 89,
      "otherCandidateLocations" : [ {
        "latitudeE7" : 356352190,
        "longitudeE7" : -1060130840,
        "placeId" : "ChIJOQu7uzVaGIcRkKXit-DAJxE",
        "name" : "Santa Fe Place Mall",
        "locationConfidence" : 0.17456913
      }, {
        "latitudeE7" : 356339142,
        "longitudeE7" : -1060136913,
        "placeId" : "ChIJhc_rrjVaGIcRjxGQiNrx3w0",
        "name" : "Villa Linda Park",
        "locationConfidence" : 0.12763372
      }, {
        "latitudeE7" : 356380652,
        "longitudeE7" : -1060109570,
        "placeId" : "ChIJ9eqx8kpaGIcRahml0taUqiU",
        "name" : "Santa Fe Harley-Davidson",
        "locationConfidence" : 0.07856925
      }, {
        "latitudeE7" : 356346900,
        "longitudeE7" : -1060130700,
        "placeId" : "ChIJL6JmsTVaGIcRPdSil9YJl-Q",
        "name" : "Santa Fe Place Transit Center",
        "locationConfidence" : 0.07008319
      } ],
      "editConfirmationStatus" : "NOT_CONFIRMED",
      "simplifiedRawPath" : {
        "points" : [ {
          "latE7" : 356354493,
          "lngE7" : -1060121210,
          "timestampMs" : "1534009568348",
          "accuracyMeters" : 65
        }, {
          "latE7" : 356362009,
          "lngE7" : -1060125347,
          "timestampMs" : "1534009687904",
          "accuracyMeters" : 65
        }, {
          "latE7" : 356359963,
          "lngE7" : -1060134234,
          "timestampMs" : "1534010720455",
          "accuracyMeters" : 65
        }, {
          "latE7" : 356359340,
          "lngE7" : -1060112793,
          "timestampMs" : "1534010994997",
          "accuracyMeters" : 5
        } ]
      }
    }
  }, {
    "activitySegment" : {
      "startLocation" : {
        "latitudeE7" : 356359340,
        "longitudeE7" : -1060112793,
        "sourceInfo" : {
          "deviceTag" : -893712383
        }
      },
      "endLocation" : {
        "latitudeE7" : 359963070,
        "longitudeE7" : -1060803939,
        "sourceInfo" : {
          "deviceTag" : -893712383
        }
      },
      "duration" : {
        "startTimestampMs" : "1534011000997",
        "endTimestampMs" : "1534016774999"
      },
      "distance" : 69514,
      "activityType" : "IN_PASSENGER_VEHICLE",
      "confidence" : "HIGH",
      "activities" : [ {
        "activityType" : "IN_PASSENGER_VEHICLE",
        "probability" : 92.99504708620289
      }, {
        "activityType" : "MOTORCYCLING",
        "probability" : 5.265978901673332
      }, {
        "activityType" : "WALKING",
        "probability" : 0.818329099851964
      } ],
      "waypointPath" : {
        "waypoints" : [ {
          "latE7" : 356359367,
          "lngE7" : -1060112838
        }, {
          "latE7" : 358951034,
          "lngE7" : -1060221023
        }, {
          "latE7" : 360761909,
          "lngE7" : -1060635375
        }, {
          "latE7" : 360082130,
          "lngE7" : -1060654296
        }, {
          "latE7" : 359965324,
          "lngE7" : -1060804061
        } ]
      },
      "simplifiedRawPath" : {
        "points" : [ {
          "latE7" : 360760912,
          "lngE7" : -1060635707,
          "timestampMs" : "1534014678996",
          "accuracyMeters" : 72
        } ]
      },
      "editConfirmationStatus" : "NOT_CONFIRMED",
      "parkingEvent" : {
        "timestampMs" : "1534016894999",
        "location" : {
          "latitudeE7" : 359963070,
          "longitudeE7" : -1060803939,
          "accuracyMetres" : 65
        }
      }
    }
  }, {
    "placeVisit" : {
      "location" : {
        "latitudeE7" : 359961814,
        "longitudeE7" : -1060813767,
        "placeId" : "ChIJ6TXzSYw8GIcR4ulC0O3zx-g",
        "address" : "720 Vietnam Veterans Memorial Park Rd\nEspañola, NM 87532\nUSA",
        "name" : "Valdez Park",
        "sourceInfo" : {
          "deviceTag" : -893712383
        },
        "locationConfidence" : 97.4377
      },
      "duration" : {
        "startTimestampMs" : "1534016774999",
        "endTimestampMs" : "1534021653999"
      },
      "placeConfidence" : "HIGH_CONFIDENCE",
      "centerLatE7" : 359961432,
      "centerLngE7" : -1060808168,
      "visitConfidence" : 94,
      "otherCandidateLocations" : [ {
        "latitudeE7" : 359955490,
        "longitudeE7" : -1060799990,
        "placeId" : "ChIJE3QqwY48GIcRLjYnjS9TzdI",
        "locationConfidence" : 0.634427
      }, {
        "latitudeE7" : 359947240,
        "longitudeE7" : -1060806760,
        "placeId" : "ChIJY07Es448GIcRlqUQBQMmct8",
        "name" : "Lucero Center Field #2",
        "locationConfidence" : 0.2763103
      }, {
        "latitudeE7" : 359974992,
        "longitudeE7" : -1060800530,
        "placeId" : "ChIJaT53Xo48GIcRW5fqKDhNW7Y",
        "name" : "CYFD/Child Care",
        "locationConfidence" : 0.26697692
      }, {
        "latitudeE7" : 359974992,
        "longitudeE7" : -1060800530,
        "placeId" : "ChIJaT53Xo48GIcRRPl0yiJHJok",
        "name" : "Rio Arriba Juvenile Probation",
        "locationConfidence" : 0.24092382
      } ],
      "editConfirmationStatus" : "NOT_CONFIRMED"
    }
  }, {
    "activitySegment" : {
      "startLocation" : {
        "latitudeE7" : 359962373,
        "longitudeE7" : -1060805553,
        "sourceInfo" : {
          "deviceTag" : -893712383
        }
      },
      "endLocation" : {
        "latitudeE7" : 359870900,
        "longitudeE7" : -1060627600,
        "sourceInfo" : {
          "deviceTag" : -893712383
        }
      },
      "duration" : {
        "startTimestampMs" : "1534021653999",
        "endTimestampMs" : "1534021956999"
      },
      "distance" : 2397,
      "activityType" : "IN_PASSENGER_VEHICLE",
      "confidence" : "HIGH",
      "activities" : [ {
        "activityType" : "IN_PASSENGER_VEHICLE",
        "probability" : 99.0826975313097
      }, {
        "activityType" : "WALKING",
        "probability" : 0.38159537159088697
      }, {
        "activityType" : "MOTORCYCLING",
        "probability" : 0.36581136585468904
      } ],
      "waypointPath" : {
        "waypoints" : [ {
          "latE7" : 359965209,
          "lngE7" : -1060805816
        }, {
          "latE7" : 359910278,
          "lngE7" : -1060806274
        }, {
          "latE7" : 359872894,
          "lngE7" : -1060619354
        } ]
      },
      "simplifiedRawPath" : {
        "points" : [ {
          "latE7" : 359898300,
          "lngE7" : -1060805285,
          "timestampMs" : "1534021761997",
          "accuracyMeters" : 5
        } ]
      },
      "editConfirmationStatus" : "NOT_CONFIRMED",
      "parkingEvent" : {
        "timestampMs" : "1534022266017",
        "location" : {
          "latitudeE7" : 359868487,
          "longitudeE7" : -1060627087,
          "accuracyMetres" : 90
        }
      }
    }
  }, {
    "placeVisit" : {
      "location" : {
        "latitudeE7" : 359870900,
        "longitudeE7" : -1060627600,
        "placeId" : "ChIJD_tx6oA7GIcRfSBhuc2V8Js",
        "address" : "604 S Riverside Dr\nEspañola, NM 87532\nUSA",
        "name" : "Rodeway Inn",
        "sourceInfo" : {
          "deviceTag" : -893712383
        },
        "locationConfidence" : 96.64008
      },
      "duration" : {
        "startTimestampMs" : "1534021956999",
        "endTimestampMs" : "1534027044998"
      },
      "placeConfidence" : "HIGH_CONFIDENCE",
      "centerLatE7" : 359871550,
      "centerLngE7" : -1060625725,
      "visitConfidence" : 95,
      "otherCandidateLocations" : [ {
        "latitudeE7" : 359876452,
        "longitudeE7" : -1060624579,
        "placeId" : "ChIJKyAzkYA7GIcRj0q8Re8htak",
        "name" : "China Kitchen",
        "locationConfidence" : 1.8446026
      }, {
        "latitudeE7" : 359882420,
        "longitudeE7" : -1060631700,
        "placeId" : "ChIJuZOk34A7GIcRcY4nqGWKdOg",
        "name" : "Shell",
        "locationConfidence" : 0.28618443
      }, {
        "latitudeE7" : 359873100,
        "longitudeE7" : -1060592050,
        "placeId" : "ChIJFwUvT4E7GIcRsjzRQMSqwIk",
        "name" : "US-84/285 & Upper San Pedro Road",
        "locationConfidence" : 0.17674382
      }, {
        "latitudeE7" : 359878059,
        "longitudeE7" : -1060624455,
        "placeId" : "ChIJn6kclIA7GIcR8QrtM6AFeXE",
        "name" : "Beckers Inc",
        "locationConfidence" : 0.17450511
      } ],
      "editConfirmationStatus" : "NOT_CONFIRMED"
    }
  }, {
    "activitySegment" : {
      "startLocation" : {
        "latitudeE7" : 359872658,
        "longitudeE7" : -1060627149,
        "sourceInfo" : {
          "deviceTag" : -893712383
        }
      },
      "endLocation" : {
        "latitudeE7" : 360742238,
        "longitudeE7" : -1060649823,
        "sourceInfo" : {
          "deviceTag" : -893712383
        }
      },
      "duration" : {
        "startTimestampMs" : "1534027044998",
        "endTimestampMs" : "1534027807994"
      },
      "distance" : 9979,
      "activityType" : "IN_PASSENGER_VEHICLE",
      "confidence" : "HIGH",
      "activities" : [ {
        "activityType" : "IN_PASSENGER_VEHICLE",
        "probability" : 99.30138008676056
      }, {
        "activityType" : "MOTORCYCLING",
        "probability" : 0.3893769636163166
      }, {
        "activityType" : "WALKING",
        "probability" : 0.2241967568027607
      } ],
      "waypointPath" : {
        "waypoints" : [ {
          "latE7" : 359878082,
          "lngE7" : -1060623779
        }, {
          "latE7" : 359912147,
          "lngE7" : -1060676422
        }, {
          "latE7" : 360087966,
          "lngE7" : -1060649108
        }, {
          "latE7" : 360384178,
          "lngE7" : -1060625305
        }, {
          "latE7" : 360744552,
          "lngE7" : -1060649337
        } ]
      },
      "simplifiedRawPath" : {
        "points" : [ {
          "latE7" : 360087968,
          "lngE7" : -1060648972,
          "timestampMs" : "1534027229992",
          "accuracyMeters" : 5
        } ]
      },
      "editConfirmationStatus" : "NOT_CONFIRMED",
      "parkingEvent" : {
        "timestampMs" : "1534027966999",
        "location" : {
          "latitudeE7" : 360762015,
          "longitudeE7" : -1060637629,
          "accuracyMetres" : 65
        }
      }
    }
  }, {
    "placeVisit" : {
      "location" : {
        "latitudeE7" : 360742238,
        "longitudeE7" : -1060649823,
        "placeId" : "ChIJn6laKHokGIcR8QHeaGLbxJY",
        "address" : "NM-94\nOhkay Owingeh, NM 87566\nUSA",
        "name" : "Delancey Street Foundation",
        "sourceInfo" : {
          "deviceTag" : -893712383
        },
        "locationConfidence" : 96.08696
      },
      "duration" : {
        "startTimestampMs" : "1534027807994",
        "endTimestampMs" : "1534031664003"
      },
      "placeConfidence" : "HIGH_CONFIDENCE",
      "centerLatE7" : 360753040,
      "centerLngE7" : -1060635916,
      "visitConfidence" : 80,
      "otherCandidateLocations" : [ {
        "latitudeE7" : 360757831,
        "longitudeE7" : -1060628788,
        "placeId" : "ChIJ29nbBYAkGIcRfBng5uDpp9A",
        "name" : "Delancey Street Catering",
        "locationConfidence" : 2.259678
      }, {
        "latitudeE7" : 360753998,
        "longitudeE7" : -1060629546,
        "placeId" : "ChIJ17ZREYAkGIcRzx6EU-d4Gjs",
        "locationConfidence" : 0.59508616
      }, {
        "latitudeE7" : 360682625,
        "longitudeE7" : -1060640187,
        "placeId" : "ChIJcytC1n8jGIcRfxAwCHZwnCk",
        "name" : "Alcalde La Villita Ditch",
        "locationConfidence" : 0.38673
      }, {
        "latitudeE7" : 360753968,
        "longitudeE7" : -1060629410,
        "placeId" : "ChIJFU9REYAkGIcRMx-3RUTrFG4",
        "locationConfidence" : 0.2603355
      } ],
      "editConfirmationStatus" : "NOT_CONFIRMED"
    }
  }, {
    "activitySegment" : {
      "startLocation" : {
        "latitudeE7" : 360742238,
        "longitudeE7" : -1060649823,
        "sourceInfo" : {
          "deviceTag" : -893712383
        }
      },
      "endLocation" : {
        "latitudeE7" : 357566714,
        "longitudeE7" : -1059438447,
        "sourceInfo" : {
          "deviceTag" : -893712383
        }
      },
      "duration" : {
        "startTimestampMs" : "1534031664003",
        "endTimestampMs" : "1534034245455"
      },
      "distance" : 37389,
      "activityType" : "IN_PASSENGER_VEHICLE",
      "confidence" : "HIGH",
      "activities" : [ {
        "activityType" : "IN_PASSENGER_VEHICLE",
        "probability" : 96.78665917522213
      }, {
        "activityType" : "WALKING",
        "probability" : 0.8149048645966304
      }, {
        "activityType" : "MOTORCYCLING",
        "probability" : 0.6674875558697942
      } ],
      "waypointPath" : {
        "waypoints" : [ {
          "latE7" : 360744552,
          "lngE7" : -1060649337
        }, {
          "latE7" : 358971939,
          "lngE7" : -1060213699
        }, {
          "latE7" : 357565002,
          "lngE7" : -1059443435
        } ]
      },
      "editConfirmationStatus" : "NOT_CONFIRMED",
      "parkingEvent" : {
        "timestampMs" : "1534034245455",
        "location" : {
          "latitudeE7" : 357566714,
          "longitudeE7" : -1059438447,
          "accuracyMetres" : 70
        }
      }
    }
  }, {
    "placeVisit" : {
      "location" : {
        "latitudeE7" : 357566714,
        "longitudeE7" : -1059438447,
        "placeId" : "ChIJfW-eCwtPGIcRd5EZ0UE2c_E",
        "address" : "239 Opera Dr\nSanta Fe, NM 87506\nUSA",
        "name" : "239 Opera Dr",
        "sourceInfo" : {
          "deviceTag" : -893712383
        },
        "locationConfidence" : 77.44935
      },
      "duration" : {
        "startTimestampMs" : "1534034245455",
        "endTimestampMs" : "1534035141022"
      },
      "placeConfidence" : "MEDIUM_CONFIDENCE",
      "centerLatE7" : 357562800,
      "centerLngE7" : -1059413100,
      "visitConfidence" : 68,
      "otherCandidateLocations" : [ {
        "latitudeE7" : 356924542,
        "longitudeE7" : -1062139685,
        "placeId" : "ChIJSfOoH2w_GIcRrC58xa6P1uA",
        "name" : "Santa Fe National Forest",
        "locationConfidence" : 22.55065
      } ],
      "editConfirmationStatus" : "NOT_CONFIRMED"
    }
  }, {
    "activitySegment" : {
      "startLocation" : {
        "latitudeE7" : 357566714,
        "longitudeE7" : -1059438447,
        "sourceInfo" : {
          "deviceTag" : -893712383
        }
      },
      "endLocation" : {
        "latitudeE7" : 360742238,
        "longitudeE7" : -1060649823,
        "sourceInfo" : {
          "deviceTag" : -893712383
        }
      },
      "duration" : {
        "startTimestampMs" : "1534035141022",
        "endTimestampMs" : "1534037602330"
      },
      "distance" : 37354,
      "activityType" : "IN_PASSENGER_VEHICLE",
      "confidence" : "HIGH",
      "activities" : [ {
        "activityType" : "IN_PASSENGER_VEHICLE",
        "probability" : 97.0119998852633
      }, {
        "activityType" : "WALKING",
        "probability" : 1.0744899717595715
      }, {
        "activityType" : "MOTORCYCLING",
        "probability" : 0.7472043657804873
      } ],
      "waypointPath" : {
        "waypoints" : [ {
          "latE7" : 357565002,
          "lngE7" : -1059443435
        }, {
          "latE7" : 358951034,
          "lngE7" : -1060221023
        }, {
          "latE7" : 360744552,
          "lngE7" : -1060649337
        } ]
      },
      "editConfirmationStatus" : "NOT_CONFIRMED",
      "parkingEvent" : {
        "timestampMs" : "1534037602330",
        "location" : {
          "latitudeE7" : 360760441,
          "longitudeE7" : -1060634541,
          "accuracyMetres" : 65
        }
      }
    }
  }, {
    "placeVisit" : {
      "location" : {
        "latitudeE7" : 360742238,
        "longitudeE7" : -1060649823,
        "placeId" : "ChIJn6laKHokGIcR8QHeaGLbxJY",
        "address" : "NM-94\nOhkay Owingeh, NM 87566\nUSA",
        "name" : "Delancey Street Foundation",
        "sourceInfo" : {
          "deviceTag" : -893712383
        },
        "locationConfidence" : 85.77258
      },
      "duration" : {
        "startTimestampMs" : "1534037602330",
        "endTimestampMs" : "1534042504052"
      },
      "placeConfidence" : "MEDIUM_CONFIDENCE",
      "centerLatE7" : 360759786,
      "centerLngE7" : -1060634457,
      "visitConfidence" : 95,
      "otherCandidateLocations" : [ {
        "latitudeE7" : 360757831,
        "longitudeE7" : -1060628788,
        "placeId" : "ChIJ29nbBYAkGIcRfBng5uDpp9A",
        "name" : "Delancey Street Catering",
        "locationConfidence" : 10.464499
      }, {
        "latitudeE7" : 360753998,
        "longitudeE7" : -1060629546,
        "placeId" : "ChIJ17ZREYAkGIcRzx6EU-d4Gjs",
        "locationConfidence" : 1.3208048
      }, {
        "latitudeE7" : 360682625,
        "longitudeE7" : -1060640187,
        "placeId" : "ChIJcytC1n8jGIcRfxAwCHZwnCk",
        "name" : "Alcalde La Villita Ditch",
        "locationConfidence" : 0.9610815
      }, {
        "latitudeE7" : 360753968,
        "longitudeE7" : -1060629410,
        "placeId" : "ChIJFU9REYAkGIcRMx-3RUTrFG4",
        "locationConfidence" : 0.53151
      }, {
        "latitudeE7" : 360576699,
        "longitudeE7" : -1060684268,
        "placeId" : "ChIJ8ejXe3wjGIcR9GrcyfQeSeo",
        "name" : "San Juan Pueblo Ditch",
        "locationConfidence" : 0.52676505
      } ],
      "editConfirmationStatus" : "NOT_CONFIRMED"
    }
  }, {
    "activitySegment" : {
      "startLocation" : {
        "latitudeE7" : 360760934,
        "longitudeE7" : -1060635499,
        "sourceInfo" : {
          "deviceTag" : -893712383
        }
      },
      "endLocation" : {
        "latitudeE7" : 359870900,
        "longitudeE7" : -1060627600,
        "sourceInfo" : {
          "deviceTag" : -893712383
        }
      },
      "duration" : {
        "startTimestampMs" : "1534042504052",
        "endTimestampMs" : "1534049668519"
      },
      "distance" : 18809,
      "activityType" : "IN_PASSENGER_VEHICLE",
      "confidence" : "HIGH",
      "activities" : [ {
        "activityType" : "IN_PASSENGER_VEHICLE",
        "probability" : 89.3011068415053
      }, {
        "activityType" : "WALKING",
        "probability" : 5.86425349369805
      }, {
        "activityType" : "CYCLING",
        "probability" : 2.00291956319842
      } ],
      "waypointPath" : {
        "waypoints" : [ {
          "latE7" : 360761871,
          "lngE7" : -1060635223
        }, {
          "latE7" : 360273780,
          "lngE7" : -1060640411
        }, {
          "latE7" : 360028190,
          "lngE7" : -1060634384
        }, {
          "latE7" : 359915962,
          "lngE7" : -1060687103
        }, {
          "latE7" : 359901847,
          "lngE7" : -1060815887
        }, {
          "latE7" : 359912147,
          "lngE7" : -1060676422
        }, {
          "latE7" : 359847679,
          "lngE7" : -1060396194
        }, {
          "latE7" : 359786643,
          "lngE7" : -1060411529
        }, {
          "latE7" : 359872894,
          "lngE7" : -1060619354
        } ]
      },
      "simplifiedRawPath" : {
        "points" : [ {
          "latE7" : 359847681,
          "lngE7" : -1060396231,
          "timestampMs" : "1534048875215",
          "accuracyMeters" : 5
        }, {
          "latE7" : 359798990,
          "lngE7" : -1060427912,
          "timestampMs" : "1534049335987",
          "accuracyMeters" : 10
        } ]
      },
      "editConfirmationStatus" : "NOT_CONFIRMED",
      "parkingEvent" : {
        "timestampMs" : "1534049900911",
        "location" : {
          "latitudeE7" : 359869089,
          "longitudeE7" : -1060628040,
          "accuracyMetres" : 65
        }
      }
    }
  }, {
    "placeVisit" : {
      "location" : {
        "latitudeE7" : 359870900,
        "longitudeE7" : -1060627600,
        "placeId" : "ChIJD_tx6oA7GIcRfSBhuc2V8Js",
        "address" : "604 S Riverside Dr\nEspañola, NM 87532\nUSA",
        "name" : "Rodeway Inn",
        "sourceInfo" : {
          "deviceTag" : -893712383
        },
        "locationConfidence" : 99.22414
      },
      "duration" : {
        "startTimestampMs" : "1534049668519",
        "endTimestampMs" : "1534084967512"
      },
      "placeConfidence" : "HIGH_CONFIDENCE",
      "centerLatE7" : 359872550,
      "centerLngE7" : -1060627488,
      "visitConfidence" : 95,
      "otherCandidateLocations" : [ {
        "latitudeE7" : 359882420,
        "longitudeE7" : -1060631700,
        "placeId" : "ChIJuZOk34A7GIcRcY4nqGWKdOg",
        "name" : "Shell",
        "locationConfidence" : 0.11537653
      }, {
        "latitudeE7" : 359876452,
        "longitudeE7" : -1060624579,
        "placeId" : "ChIJKyAzkYA7GIcRj0q8Re8htak",
        "name" : "China Kitchen",
        "locationConfidence" : 0.110236965
      }, {
        "latitudeE7" : 359873100,
        "longitudeE7" : -1060592050,
        "placeId" : "ChIJFwUvT4E7GIcRsjzRQMSqwIk",
        "name" : "US-84/285 & Upper San Pedro Road",
        "locationConfidence" : 0.08077451
      }, {
        "latitudeE7" : 359878371,
        "longitudeE7" : -1060626132,
        "placeId" : "ChIJ3d3WkIA7GIcRudoiELsPmqc",
        "name" : "Secure Logistics",
        "locationConfidence" : 0.053855464
      } ],
      "editConfirmationStatus" : "NOT_CONFIRMED"
    }
  }, {
    "activitySegment" : {
      "startLocation" : {
        "latitudeE7" : 359870900,
        "longitudeE7" : -1060627600,
        "sourceInfo" : {
          "deviceTag" : -893712383
        }
      },
      "endLocation" : {
        "latitudeE7" : 360123594,
        "longitudeE7" : -1060655170,
        "sourceInfo" : {
          "deviceTag" : -893712383
        }
      },
      "duration" : {
        "startTimestampMs" : "1534084967512",
        "endTimestampMs" : "1534085300929"
      },
      "distance" : 3072,
      "activityType" : "IN_PASSENGER_VEHICLE",
      "confidence" : "HIGH",
      "activities" : [ {
        "activityType" : "IN_PASSENGER_VEHICLE",
        "probability" : 98.87956580508205
      }, {
        "activityType" : "WALKING",
        "probability" : 0.4348115440887604
      }, {
        "activityType" : "MOTORCYCLING",
        "probability" : 0.3191954127117888
      } ],
      "waypointPath" : {
        "waypoints" : [ {
          "latE7" : 359872894,
          "lngE7" : -1060619354
        }, {
          "latE7" : 359912147,
          "lngE7" : -1060676422
        }, {
          "latE7" : 360123443,
          "lngE7" : -1060655212
        } ]
      },
      "editConfirmationStatus" : "NOT_CONFIRMED",
      "parkingEvent" : {
        "timestampMs" : "1534085300929",
        "location" : {
          "latitudeE7" : 360134499,
          "longitudeE7" : -1060650850,
          "accuracyMetres" : 65
        }
      }
    }
  }, {
    "placeVisit" : {
      "location" : {
        "latitudeE7" : 360132935,
        "longitudeE7" : -1060650890,
        "placeId" : "ChIJlWf7FqA8GIcR5RcCYwo4d8Y",
        "address" : "1404 N Riverside Dr D\nEspañola, NM 87532\nUSA",
        "name" : "Starbucks",
        "sourceInfo" : {
          "deviceTag" : -893712383
        },
        "locationConfidence" : 95.39933
      },
      "duration" : {
        "startTimestampMs" : "1534085300929",
        "endTimestampMs" : "1534087124057"
      },
      "placeConfidence" : "HIGH_CONFIDENCE",
      "centerLatE7" : 360130200,
      "centerLngE7" : -1060652667,
      "visitConfidence" : 96,
      "otherCandidateLocations" : [ {
        "latitudeE7" : 360127808,
        "longitudeE7" : -1060652342,
        "placeId" : "ChIJlfasUp08GIcRJMHKg4oNR68",
        "name" : "Chili's Grill & Bar",
        "locationConfidence" : 2.1087544
      }, {
        "latitudeE7" : 360133656,
        "longitudeE7" : -1060671408,
        "placeId" : "ChIJ0UgEPaA8GIcR7V9RiX2eAIs",
        "name" : "Lowe's Home Improvement",
        "locationConfidence" : 0.7418918
      }, {
        "latitudeE7" : 360127383,
        "longitudeE7" : -1060640046,
        "placeId" : "ChIJi2AzCZ48GIcRzXSQ-oRmDRw",
        "name" : "McDonald's",
        "locationConfidence" : 0.6452608
      }, {
        "latitudeE7" : 360154279,
        "longitudeE7" : -1060675730,
        "placeId" : "ChIJX9pTAqE8GIcRqFQoeBjB3sw",
        "name" : "Walmart Supercenter",
        "locationConfidence" : 0.3452422
      } ],
      "editConfirmationStatus" : "NOT_CONFIRMED"
    }
  }, {
    "activitySegment" : {
      "startLocation" : {
        "latitudeE7" : 360132935,
        "longitudeE7" : -1060650890,
        "sourceInfo" : {
          "deviceTag" : -893712383
        }
      },
      "endLocation" : {
        "latitudeE7" : 356443203,
        "longitudeE7" : -1060398753,
        "sourceInfo" : {
          "deviceTag" : -893712383
        }
      },
      "duration" : {
        "startTimestampMs" : "1534087124057",
        "endTimestampMs" : "1534089843043"
      },
      "distance" : 49767,
      "activityType" : "IN_PASSENGER_VEHICLE",
      "confidence" : "HIGH",
      "activities" : [ {
        "activityType" : "IN_PASSENGER_VEHICLE",
        "probability" : 98.17997835801079
      }, {
        "activityType" : "MOTORCYCLING",
        "probability" : 0.9650248442046707
      }, {
        "activityType" : "WALKING",
        "probability" : 0.4042104140845613
      } ],
      "waypointPath" : {
        "waypoints" : [ {
          "latE7" : 360131301,
          "lngE7" : -1060650939
        }, {
          "latE7" : 359897003,
          "lngE7" : -1060461730
        }, {
          "latE7" : 359845733,
          "lngE7" : -1060396270
        }, {
          "latE7" : 358971939,
          "lngE7" : -1060213699
        }, {
          "latE7" : 356446189,
          "lngE7" : -1060400161
        } ]
      },
      "simplifiedRawPath" : {
        "points" : [ {
          "latE7" : 359903831,
          "lngE7" : -1060495280,
          "timestampMs" : "1534087352035",
          "accuracyMeters" : 5
        }, {
          "latE7" : 359845768,
          "lngE7" : -1060397189,
          "timestampMs" : "1534087560038",
          "accuracyMeters" : 5
        }, {
          "latE7" : 358985480,
          "lngE7" : -1060207981,
          "timestampMs" : "1534088382046",
          "accuracyMeters" : 5
        } ]
      },
      "editConfirmationStatus" : "NOT_CONFIRMED",
      "parkingEvent" : {
        "timestampMs" : "1534089843043",
        "location" : {
          "latitudeE7" : 356438727,
          "longitudeE7" : -1060397929,
          "accuracyMetres" : 65
        }
      }
    }
  }, {
    "placeVisit" : {
      "location" : {
        "latitudeE7" : 356441701,
        "longitudeE7" : -1060397025,
        "placeId" : "ChIJc02OsqJbGIcRpBLZQHGwLSw",
        "address" : "5903 Violeta Virtuoso St\nSanta Fe, NM 87507\nUSA",
        "name" : "5903 Violeta Virtuoso St",
        "semanticType" : "TYPE_SEARCHED_ADDRESS",
        "sourceInfo" : {
          "deviceTag" : -893712383
        },
        "locationConfidence" : 92.770515
      },
      "duration" : {
        "startTimestampMs" : "1534089843043",
        "endTimestampMs" : "1534098781038"
      },
      "placeConfidence" : "HIGH_CONFIDENCE",
      "centerLatE7" : 356444371,
      "centerLngE7" : -1060398043,
      "visitConfidence" : 94,
      "otherCandidateLocations" : [ {
        "latitudeE7" : 356452699,
        "longitudeE7" : -1060423198,
        "placeId" : "ChIJP1D4yplbGIcRN8BMlH_ZeXk",
        "name" : "Allsup's Convenience Store",
        "locationConfidence" : 2.119838
      }, {
        "latitudeE7" : 356426170,
        "longitudeE7" : -1060381132,
        "placeId" : "ChIJKR94Gb1bGIcRF2jAYvbrGX4",
        "name" : "Roundabout on South Meadows",
        "locationConfidence" : 1.9429404
      }, {
        "latitudeE7" : 356453502,
        "longitudeE7" : -1060386008,
        "placeId" : "ChIJhXks5LxbGIcRfpRxVd31LZc",
        "name" : "Colores del Sol by Centex Homes",
        "locationConfidence" : 0.86419773
      }, {
        "latitudeE7" : 356450680,
        "longitudeE7" : -1060420300,
        "placeId" : "ChIJdwkFQJhbGIcRL2VZZufBjIE",
        "name" : "Agua Fria Self Storage (CTN)",
        "locationConfidence" : 0.8019966
      } ],
      "editConfirmationStatus" : "NOT_CONFIRMED"
    }
  }, {
    "activitySegment" : {
      "startLocation" : {
        "latitudeE7" : 356441701,
        "longitudeE7" : -1060397025,
        "sourceInfo" : {
          "deviceTag" : -893712383
        }
      },
      "endLocation" : {
        "latitudeE7" : 356377279,
        "longitudeE7" : -1060350647,
        "sourceInfo" : {
          "deviceTag" : -893712383
        }
      },
      "duration" : {
        "startTimestampMs" : "1534098781038",
        "endTimestampMs" : "1534098811028"
      },
      "distance" : 953,
      "activityType" : "IN_PASSENGER_VEHICLE",
      "confidence" : "HIGH",
      "activities" : [ {
        "activityType" : "IN_PASSENGER_VEHICLE",
        "probability" : 96.02281607537331
      }, {
        "activityType" : "WALKING",
        "probability" : 3.145947792362204
      }, {
        "activityType" : "CYCLING",
        "probability" : 0.3300031226436607
      } ],
      "waypointPath" : {
        "waypoints" : [ {
          "latE7" : 356439743,
          "lngE7" : -1060396194
        }, {
          "latE7" : 356425857,
          "lngE7" : -1060382995
        }, {
          "latE7" : 356377716,
          "lngE7" : -1060349197
        } ]
      },
      "simplifiedRawPath" : {
        "points" : [ {
          "latE7" : 356443259,
          "lngE7" : -1060396745,
          "timestampMs" : "1534098781038",
          "accuracyMeters" : 64
        } ]
      },
      "editConfirmationStatus" : "NOT_CONFIRMED",
      "parkingEvent" : {
        "timestampMs" : "1534098976026",
        "location" : {
          "latitudeE7" : 356360853,
          "longitudeE7" : -1060351792,
          "accuracyMetres" : 65
        }
      }
    }
  }, {
    "placeVisit" : {
      "location" : {
        "latitudeE7" : 356377279,
        "longitudeE7" : -1060350647,
        "placeId" : "ChIJqwgPz75bGIcRvgah1nceXr0",
        "address" : "5741 Airport Rd\nSanta Fe, NM 87507\nUSA",
        "name" : "Giant",
        "sourceInfo" : {
          "deviceTag" : -893712383
        },
        "locationConfidence" : 55.68404
      },
      "duration" : {
        "startTimestampMs" : "1534098811028",
        "endTimestampMs" : "1534099347017"
      },
      "placeConfidence" : "LOW_CONFIDENCE",
      "centerLatE7" : 356371380,
      "centerLngE7" : -1060354040,
      "visitConfidence" : 92,
      "otherCandidateLocations" : [ {
        "latitudeE7" : 356377233,
        "longitudeE7" : -1060342423,
        "placeId" : "ChIJx9c_M7lbGIcRS60C7sHp1S4",
        "name" : "Walgreens",
        "locationConfidence" : 30.182713
      }, {
        "latitudeE7" : 356373029,
        "longitudeE7" : -1060355124,
        "placeId" : "ChIJVVUuxb5bGIcRyFFXgclmvws",
        "locationConfidence" : 9.201937
      }, {
        "latitudeE7" : 356359301,
        "longitudeE7" : -1060383839,
        "placeId" : "ChIJGSrBTL5bGIcR5ipCKYCWUoc",
        "name" : "Dollar General",
        "locationConfidence" : 0.87102413
      }, {
        "latitudeE7" : 356373190,
        "longitudeE7" : -1060393030,
        "placeId" : "ChIJHQgYfDg43YgRWVY1C4N88qE",
        "name" : "Country Club Apartments",
        "locationConfidence" : 0.8019964
      }, {
        "latitudeE7" : 356340504,
        "longitudeE7" : -1060333535,
        "placeId" : "ChIJ81r6XsdbGIcRZyadS_OI4uU",
        "name" : "Talavera Apartment Homes",
        "locationConfidence" : 0.73296714
      }, {
        "latitudeE7" : 356351346,
        "longitudeE7" : -1060357709,
        "placeId" : "ChIJGXwmPL9bGIcRFLehrweYHdw",
        "name" : "Sweeney Elementary School",
        "locationConfidence" : 0.72181964
      } ],
      "editConfirmationStatus" : "NOT_CONFIRMED"
    }
  }, {
    "activitySegment" : {
      "startLocation" : {
        "latitudeE7" : 356377279,
        "longitudeE7" : -1060350647,
        "sourceInfo" : {
          "deviceTag" : -893712383
        }
      },
      "endLocation" : {
        "latitudeE7" : 333915920,
        "longitudeE7" : -1118884690,
        "sourceInfo" : {
          "deviceTag" : -893712383
        }
      },
      "duration" : {
        "startTimestampMs" : "1534099347017",
        "endTimestampMs" : "1534124477001"
      },
      "distance" : 723534,
      "activityType" : "IN_PASSENGER_VEHICLE",
      "confidence" : "HIGH",
      "activities" : [ {
        "activityType" : "IN_PASSENGER_VEHICLE",
        "probability" : 99.40447641738163
      }, {
        "activityType" : "MOTORCYCLING",
        "probability" : 0.1986118489618741
      }, {
        "activityType" : "WALKING",
        "probability" : 0.15076932582788616
      } ],
      "waypointPath" : {
        "waypoints" : [ {
          "latE7" : 356377716,
          "lngE7" : -1060349197
        }, {
          "latE7" : 352917900,
          "lngE7" : -1065456695
        }, {
          "latE7" : 355357284,
          "lngE7" : -1087585220
        }, {
          "latE7" : 352137069,
          "lngE7" : -1093377075
        }, {
          "latE7" : 342694053,
          "lngE7" : -1112322311
        }, {
          "latE7" : 340356025,
          "lngE7" : -1113676834
        }, {
          "latE7" : 333915901,
          "lngE7" : -1118883285
        } ]
      },
      "simplifiedRawPath" : {
        "points" : [ {
          "latE7" : 355357092,
          "lngE7" : -1087582887,
          "timestampMs" : "1534109509034",
          "accuracyMeters" : 5
        }, {
          "latE7" : 342694047,
          "lngE7" : -1112322372,
          "timestampMs" : "1534119012056",
          "accuracyMeters" : 5
        } ]
      },
      "editConfirmationStatus" : "NOT_CONFIRMED",
      "parkingEvent" : {
        "timestampMs" : "1534124322046",
        "location" : {
          "latitudeE7" : 333929373,
          "longitudeE7" : -1118880721,
          "accuracyMetres" : 65
        }
      }
    }
  }, {
    "placeVisit" : {
      "location" : {
        "latitudeE7" : 333915100,
        "longitudeE7" : -1118887405,
        "placeId" : "ChIJM-YohNgHK4cRF9qoG8l5hJg",
        "address" : "2333 E Southern Ave\nMesa, AZ 85204\nUSA",
        "name" : "2333 E Southern Ave",
        "semanticType" : "TYPE_HOME",
        "sourceInfo" : {
          "deviceTag" : -893712383
        },
        "locationConfidence" : 99.037125
      },
      "duration" : {
        "startTimestampMs" : "1534124477001",
        "endTimestampMs" : "1534166317787"
      },
      "placeConfidence" : "HIGH_CONFIDENCE",
      "centerLatE7" : 333914874,
      "centerLngE7" : -1118887157,
      "visitConfidence" : 71,
      "otherCandidateLocations" : [ {
        "latitudeE7" : 333914169,
        "longitudeE7" : -1118887460,
        "placeId" : "ChIJJUMZ7dgHK4cROgCIlzGBuYw",
        "semanticType" : "TYPE_SEARCHED_ADDRESS",
        "locationConfidence" : 0.6291936
      }, {
        "latitudeE7" : 333924419,
        "longitudeE7" : -1118898898,
        "placeId" : "ChIJ-SeIe9gHK4cRjZ2M8fO3xLo",
        "name" : "Hawthorn Suites by Wyndham Tempe",
        "locationConfidence" : 0.101061955
      }, {
        "latitudeE7" : 333914040,
        "longitudeE7" : -1118892890,
        "placeId" : "ChIJdbOr9NgHK4cRZ8oLcamdOYY",
        "semanticType" : "TYPE_SEARCHED_ADDRESS",
        "locationConfidence" : 0.07997229
      }, {
        "latitudeE7" : 333926826,
        "longitudeE7" : -1118885531,
        "placeId" : "ChIJRZoonNgHK4cR1xf8M4OEIZo",
        "semanticType" : "TYPE_SEARCHED_ADDRESS",
        "locationConfidence" : 0.060443223
      } ],
      "editConfirmationStatus" : "NOT_CONFIRMED"
    }
  }, {
    "placeVisit" : {
      "location" : {
        "latitudeE7" : 333915100,
        "longitudeE7" : -1118887405,
        "placeId" : "ChIJM-YohNgHK4cRF9qoG8l5hJg",
        "address" : "2333 E Southern Ave\nMesa, AZ 85204\nUSA",
        "name" : "2333 E Southern Ave",
        "semanticType" : "TYPE_HOME",
        "sourceInfo" : {
          "deviceTag" : -893712383
        },
        "locationConfidence" : 98.93225
      },
      "duration" : {
        "startTimestampMs" : "1534169579576",
        "endTimestampMs" : "1534176181010"
      },
      "placeConfidence" : "HIGH_CONFIDENCE",
      "centerLatE7" : 333915413,
      "centerLngE7" : -1118887343,
      "visitConfidence" : 89,
      "otherCandidateLocations" : [ {
        "latitudeE7" : 333914169,
        "longitudeE7" : -1118887460,
        "placeId" : "ChIJJUMZ7dgHK4cROgCIlzGBuYw",
        "semanticType" : "TYPE_SEARCHED_ADDRESS",
        "locationConfidence" : 0.7104408
      }, {
        "latitudeE7" : 333924419,
        "longitudeE7" : -1118898898,
        "placeId" : "ChIJ-SeIe9gHK4cRjZ2M8fO3xLo",
        "name" : "Hawthorn Suites by Wyndham Tempe",
        "locationConfidence" : 0.08636622
      }, {
        "latitudeE7" : 333914040,
        "longitudeE7" : -1118892890,
        "placeId" : "ChIJdbOr9NgHK4cRZ8oLcamdOYY",
        "semanticType" : "TYPE_SEARCHED_ADDRESS",
        "locationConfidence" : 0.07338997
      }, {
        "latitudeE7" : 333926826,
        "longitudeE7" : -1118885531,
        "placeId" : "ChIJRZoonNgHK4cR1xf8M4OEIZo",
        "semanticType" : "TYPE_SEARCHED_ADDRESS",
        "locationConfidence" : 0.058250926
      } ],
      "editConfirmationStatus" : "NOT_CONFIRMED"
    }
  }, {
    "activitySegment" : {
      "startLocation" : {
        "latitudeE7" : 333918851,
        "longitudeE7" : -1118884381,
        "sourceInfo" : {
          "deviceTag" : -893712383
        }
      },
      "endLocation" : {
        "latitudeE7" : 334007008,
        "longitudeE7" : -1118974084,
        "sourceInfo" : {
          "deviceTag" : -893712383
        }
      },
      "duration" : {
        "startTimestampMs" : "1534176181010",
        "endTimestampMs" : "1534176605009"
      },
      "distance" : 1641,
      "activityType" : "IN_PASSENGER_VEHICLE",
      "confidence" : "HIGH",
      "activities" : [ {
        "activityType" : "IN_PASSENGER_VEHICLE",
        "probability" : 97.54893231327361
      }, {
        "activityType" : "CYCLING",
        "probability" : 1.7256645859070052
      }, {
        "activityType" : "WALKING",
        "probability" : 0.3810964836734106
      } ],
      "waypointPath" : {
        "waypoints" : [ {
          "latE7" : 333919334,
          "lngE7" : -1118883285
        }, {
          "latE7" : 333929634,
          "lngE7" : -1118993606
        }, {
          "latE7" : 334006996,
          "lngE7" : -1118973007
        } ]
      },
      "editConfirmationStatus" : "NOT_CONFIRMED",
      "parkingEvent" : {
        "timestampMs" : "1534177018314",
        "location" : {
          "latitudeE7" : 334007008,
          "longitudeE7" : -1118974084,
          "accuracyMetres" : 125
        }
      }
    }
  }, {
    "placeVisit" : {
      "location" : {
        "latitudeE7" : 334006797,
        "longitudeE7" : -1118974976,
        "placeId" : "ChIJf2QkQnsIK4cRYaY_I9KfRew",
        "address" : "2055 E Bishop Dr\nTempe, AZ 85282\nUSA",
        "name" : "2055 E Bishop Dr",
        "semanticType" : "TYPE_SEARCHED_ADDRESS",
        "sourceInfo" : {
          "deviceTag" : -893712383
        },
        "locationConfidence" : 97.83699
      },
      "duration" : {
        "startTimestampMs" : "1534176605009",
        "endTimestampMs" : "1534179845999"
      },
      "placeConfidence" : "HIGH_CONFIDENCE",
      "centerLatE7" : 334007683,
      "centerLngE7" : -1118974267,
      "visitConfidence" : 95,
      "otherCandidateLocations" : [ {
        "latitudeE7" : 334004400,
        "longitudeE7" : -1118977280,
        "placeId" : "ChIJ6yhHaHsIK4cRckqbVdeQLsc",
        "name" : "Kimberlite Water Quality Permitting and Compliance Services, LLC",
        "locationConfidence" : 1.1905693
      }, {
        "latitudeE7" : 336017596,
        "longitudeE7" : -1112727571,
        "placeId" : "ChIJLbS1yLxmKYcR4Kc-6M9nI50",
        "name" : "Salt River",
        "locationConfidence" : 0.35122806
      }, {
        "latitudeE7" : 334000280,
        "longitudeE7" : -1118976490,
        "placeId" : "ChIJi31UbnsIK4cRX0PSveHzqOo",
        "name" : "Larry Barkan Ercg",
        "locationConfidence" : 0.18037508
      }, {
        "latitudeE7" : 334018780,
        "longitudeE7" : -1118985080,
        "placeId" : "ChIJWwOLqmQIK4cRd_z3Rxr9aBY",
        "name" : "Td3 Friends Helping Friend",
        "locationConfidence" : 0.12522198
      } ],
      "editConfirmationStatus" : "NOT_CONFIRMED"
    }
  }, {
    "activitySegment" : {
      "startLocation" : {
        "latitudeE7" : 334007079,
        "longitudeE7" : -1118974183,
        "sourceInfo" : {
          "deviceTag" : -893712383
        }
      },
      "endLocation" : {
        "latitudeE7" : 333695609,
        "longitudeE7" : -1119022005,
        "sourceInfo" : {
          "deviceTag" : -893712383
        }
      },
      "duration" : {
        "startTimestampMs" : "1534179845999",
        "endTimestampMs" : "1534180531016"
      },
      "distance" : 4242,
      "activityType" : "IN_PASSENGER_VEHICLE",
      "confidence" : "HIGH",
      "activities" : [ {
        "activityType" : "IN_PASSENGER_VEHICLE",
        "probability" : 99.12848279093545
      }, {
        "activityType" : "WALKING",
        "probability" : 0.3856028692453591
      }, {
        "activityType" : "IN_BUS",
        "probability" : 0.21212426480595922
      } ],
      "waypointPath" : {
        "waypoints" : [ {
          "latE7" : 334007072,
          "lngE7" : -1118973007
        }, {
          "latE7" : 333838233,
          "lngE7" : -1118924713
        }, {
          "latE7" : 333695602,
          "lngE7" : -1119022216
        } ]
      },
      "editConfirmationStatus" : "NOT_CONFIRMED",
      "parkingEvent" : {
        "timestampMs" : "1534180531016",
        "location" : {
          "latitudeE7" : 333691329,
          "longitudeE7" : -1119010328,
          "accuracyMetres" : 70
        }
      }
    }
  }, {
    "placeVisit" : {
      "location" : {
        "latitudeE7" : 333690377,
        "longitudeE7" : -1119009677,
        "placeId" : "ChIJ8QtFhrUHK4cR-iWXe2Nka64",
        "address" : "2019 E Apollo Ave\nTempe, AZ 85283\nUSA",
        "name" : "2019 E Apollo Ave",
        "semanticType" : "TYPE_SEARCHED_ADDRESS",
        "sourceInfo" : {
          "deviceTag" : -893712383
        },
        "locationConfidence" : 90.213135
      },
      "duration" : {
        "startTimestampMs" : "1534180531016",
        "endTimestampMs" : "1534181343001"
      },
      "placeConfidence" : "HIGH_CONFIDENCE",
      "centerLatE7" : 333693450,
      "centerLngE7" : -1119016150,
      "visitConfidence" : 95,
      "otherCandidateLocations" : [ {
        "latitudeE7" : 333693890,
        "longitudeE7" : -1119014840,
        "placeId" : "ChIJFXE_fsoHK4cRnrQw2ypi4ck",
        "name" : "Modular Financial Solution",
        "locationConfidence" : 4.2990623
      }, {
        "latitudeE7" : 333707337,
        "longitudeE7" : -1119019458,
        "placeId" : "ChIJ_dyZ-coHK4cRvnag66ucMuc",
        "name" : "Optimist Park",
        "locationConfidence" : 2.1641443
      }, {
        "latitudeE7" : 333694700,
        "longitudeE7" : -1119012238,
        "placeId" : "ChIJR1BOecoHK4cRBMDnyQvhYOk",
        "name" : "SLEEPOVER ROVER® Dog Boarding Tempe, AZ",
        "locationConfidence" : 1.5750462
      }, {
        "latitudeE7" : 333724188,
        "longitudeE7" : -1119006700,
        "placeId" : "ChIJocHxsssHK4cRi_rjU8imwzo",
        "name" : "Fuller Elementary School",
        "locationConfidence" : 0.7117143
      }, {
        "latitudeE7" : 333697249,
        "longitudeE7" : -1119018759,
        "placeId" : "ChIJLzUGhsoHK4cRJWA4PbzLQ3g",
        "name" : "Jane A. Joynt, Registered",
        "locationConfidence" : 0.48819536
      } ],
      "editConfirmationStatus" : "NOT_CONFIRMED"
    }
  }, {
    "activitySegment" : {
      "startLocation" : {
        "latitudeE7" : 333695609,
        "longitudeE7" : -1119022005,
        "sourceInfo" : {
          "deviceTag" : -893712383
        }
      },
      "endLocation" : {
        "latitudeE7" : 333362720,
        "longitudeE7" : -1118219240,
        "sourceInfo" : {
          "deviceTag" : -893712383
        }
      },
      "duration" : {
        "startTimestampMs" : "1534181343001",
        "endTimestampMs" : "1534182716270"
      },
      "distance" : 12046,
      "activityType" : "IN_PASSENGER_VEHICLE",
      "confidence" : "HIGH",
      "activities" : [ {
        "activityType" : "IN_PASSENGER_VEHICLE",
        "probability" : 99.50602535800405
      }, {
        "activityType" : "WALKING",
        "probability" : 0.25604671161076353
      }, {
        "activityType" : "MOTORCYCLING",
        "probability" : 0.17441064066960724
      } ],
      "waypointPath" : {
        "waypoints" : [ {
          "latE7" : 333695602,
          "lngE7" : -1119022216
        }, {
          "latE7" : 333783416,
          "lngE7" : -1118930664
        }, {
          "latE7" : 333786354,
          "lngE7" : -1118611984
        }, {
          "latE7" : 333734474,
          "lngE7" : -1118595199
        }, {
          "latE7" : 333645439,
          "lngE7" : -1118590927
        }, {
          "latE7" : 333497467,
          "lngE7" : -1118301544
        }, {
          "latE7" : 333361320,
          "lngE7" : -1118218688
        } ]
      },
      "simplifiedRawPath" : {
        "points" : [ {
          "latE7" : 333786035,
          "lngE7" : -1118611980,
          "timestampMs" : "1534181777001",
          "accuracyMeters" : 10
        }, {
          "latE7" : 333720856,
          "lngE7" : -1118587817,
          "timestampMs" : "1534182032000",
          "accuracyMeters" : 30
        } ]
      },
      "editConfirmationStatus" : "NOT_CONFIRMED",
      "parkingEvent" : {
        "timestampMs" : "1534182722838",
        "location" : {
          "latitudeE7" : 333359408,
          "longitudeE7" : -1118215515,
          "accuracyMetres" : 125
        }
      }
    }
  }, {
    "placeVisit" : {
      "location" : {
        "latitudeE7" : 333362720,
        "longitudeE7" : -1118219240,
        "placeId" : "ChIJKwTKT5epK4cRmMZ5pVvLv_Y",
        "address" : "1430 W Warner Rd UNIT 148\nGilbert, AZ 85233\nUSA",
        "name" : "COCONUT HUT",
        "sourceInfo" : {
          "deviceTag" : -893712383
        },
        "locationConfidence" : 96.84776
      },
      "duration" : {
        "startTimestampMs" : "1534182716270",
        "endTimestampMs" : "1534184462505"
      },
      "placeConfidence" : "HIGH_CONFIDENCE",
      "centerLatE7" : 333359133,
      "centerLngE7" : -1118216600,
      "visitConfidence" : 93,
      "otherCandidateLocations" : [ {
        "latitudeE7" : 333358942,
        "longitudeE7" : -1118212273,
        "placeId" : "ChIJyRjYVJepK4cRjAWzk6Y8YdA",
        "name" : "Cuisine & Wine Bistro - Gilbert",
        "locationConfidence" : 0.86610055
      }, {
        "latitudeE7" : 333359724,
        "longitudeE7" : -1118212295,
        "placeId" : "ChIJwTEYVZepK4cRjtH4DhIhRaM",
        "name" : "Gilbert Escape Room",
        "locationConfidence" : 0.532062
      }, {
        "latitudeE7" : 333362501,
        "longitudeE7" : -1118228383,
        "placeId" : "ChIJEaW7OZepK4cR8FCP-QM-MZ0",
        "name" : "Goodwill - Retail Store and Donation Center",
        "locationConfidence" : 0.45150685
      }, {
        "latitudeE7" : 333350451,
        "longitudeE7" : -1118196426,
        "placeId" : "ChIJ8QeaFZqpK4cRdCj1zyHDFQI",
        "semanticType" : "TYPE_SEARCHED_ADDRESS",
        "locationConfidence" : 0.2650304
      } ],
      "editConfirmationStatus" : "NOT_CONFIRMED"
    }
  }, {
    "activitySegment" : {
      "startLocation" : {
        "latitudeE7" : 333358996,
        "longitudeE7" : -1118217298,
        "sourceInfo" : {
          "deviceTag" : -893712383
        }
      },
      "endLocation" : {
        "latitudeE7" : 333915247,
        "longitudeE7" : -1118886278,
        "sourceInfo" : {
          "deviceTag" : -893712383
        }
      },
      "duration" : {
        "startTimestampMs" : "1534184462505",
        "endTimestampMs" : "1534187850980"
      },
      "distance" : 13362,
      "activityType" : "IN_PASSENGER_VEHICLE",
      "confidence" : "HIGH",
      "activities" : [ {
        "activityType" : "IN_PASSENGER_VEHICLE",
        "probability" : 97.11622569040192
      }, {
        "activityType" : "WALKING",
        "probability" : 2.082222662607439
      }, {
        "activityType" : "CYCLING",
        "probability" : 0.269294182888503
      } ],
      "waypointPath" : {
        "waypoints" : [ {
          "latE7" : 333358993,
          "lngE7" : -1118216781
        }, {
          "latE7" : 333563117,
          "lngE7" : -1118942871
        }, {
          "latE7" : 333691253,
          "lngE7" : -1119022140
        }, {
          "latE7" : 333783416,
          "lngE7" : -1118930664
        }, {
          "latE7" : 333915252,
          "lngE7" : -1118883285
        } ]
      },
      "simplifiedRawPath" : {
        "points" : [ {
          "latE7" : 333691624,
          "lngE7" : -1119015988,
          "timestampMs" : "1534187157000",
          "accuracyMeters" : 5
        }, {
          "latE7" : 333783806,
          "lngE7" : -1118927640,
          "timestampMs" : "1534187435998",
          "accuracyMeters" : 5
        } ]
      },
      "editConfirmationStatus" : "NOT_CONFIRMED",
      "parkingEvent" : {
        "timestampMs" : "1534187850980",
        "location" : {
          "latitudeE7" : 333915247,
          "longitudeE7" : -1118886278,
          "accuracyMetres" : 125
        }
      }
    }
  }, {
    "placeVisit" : {
      "location" : {
        "latitudeE7" : 333915100,
        "longitudeE7" : -1118887405,
        "placeId" : "ChIJM-YohNgHK4cRF9qoG8l5hJg",
        "address" : "2333 E Southern Ave\nMesa, AZ 85204\nUSA",
        "name" : "2333 E Southern Ave",
        "semanticType" : "TYPE_HOME",
        "sourceInfo" : {
          "deviceTag" : -893712383
        },
        "locationConfidence" : 98.94531
      },
      "duration" : {
        "startTimestampMs" : "1534187850980",
        "endTimestampMs" : "1534190638625"
      },
      "placeConfidence" : "HIGH_CONFIDENCE",
      "centerLatE7" : 333915993,
      "centerLngE7" : -1118888064,
      "visitConfidence" : 84,
      "otherCandidateLocations" : [ {
        "latitudeE7" : 333914169,
        "longitudeE7" : -1118887460,
        "placeId" : "ChIJJUMZ7dgHK4cROgCIlzGBuYw",
        "semanticType" : "TYPE_SEARCHED_ADDRESS",
        "locationConfidence" : 0.5953008
      }, {
        "latitudeE7" : 333914040,
        "longitudeE7" : -1118892890,
        "placeId" : "ChIJdbOr9NgHK4cRZ8oLcamdOYY",
        "semanticType" : "TYPE_SEARCHED_ADDRESS",
        "locationConfidence" : 0.09506603
      }, {
        "latitudeE7" : 333924419,
        "longitudeE7" : -1118898898,
        "placeId" : "ChIJ-SeIe9gHK4cRjZ2M8fO3xLo",
        "name" : "Hawthorn Suites by Wyndham Tempe",
        "locationConfidence" : 0.07658027
      }, {
        "latitudeE7" : 333926826,
        "longitudeE7" : -1118885531,
        "placeId" : "ChIJRZoonNgHK4cR1xf8M4OEIZo",
        "semanticType" : "TYPE_SEARCHED_ADDRESS",
        "locationConfidence" : 0.06693416
      } ],
      "editConfirmationStatus" : "NOT_CONFIRMED"
    }
  } ]
}